{
  "header": {
    "stamp": {
      "sec": 18,
      "nanosec": 680000000
    },
    "frame_id": "map"
  },
  "child_frame_id": "base_link",
  "pose": {
    "pose": {
      "position": { // actual position
        "x": 8.105765416656011,
        "y": 12.726839018890674,
        "z": 0
      },
      "orientation": {
        "x": 0,
        "y": 0,
        "z": 0.08660051888365236,
        "w": 0.9962431179832973
      }
    },
    "covariance": [
      0.031854079347032375, -0.007680523807490492, 0, 0, 0,
      0.013716679556984449, -0.007680523807490488, 0.0714932034375578, 0, 0, 0,
      0.011221554016979851, 0, 0, 9.91769531934483e-7, -9.759363982813042e-15,
      -1.330943360658322e-13, 0, 0, 0, -9.759363982813043e-15,
      9.837397158473675e-7, -1.5782284163205637e-19, 0, 0, 0,
      -1.3309433606583214e-13, -1.5782284163156205e-19, 9.83739715845227e-7, 0,
      0.013716679556984477, 0.01122155401697971, 0, 0, 0, 0.42609022884433373
    ]
  },
  "twist": {
    "twist": {
      "linear": { // velocity
        "x": 0.9974435165754985,
        "y": -0.07306451900211823,
        "z": 0
      },
      "angular": { // velocity
        "x": 0,
        "y": 0,
        "z": -0.022745352877382965
      }
    },
    "covariance": [
      0.0005001033623774568, 3.5396629027525783e-12, 0, 0, 0,
      1.451149939435454e-27, 3.539662902752583e-12, 0.5502117054211395, 0, 0, 0,
      -1.7283459733045567e-16, 0, 0, 9.87730009477829e-7,
      -5.521068013504727e-24, -7.529457707582883e-23, 0, 0, 0,
      -5.521068013504723e-24, 9.534853919632234e-7, -3.363537050975369e-28, 0,
      0, 0, -7.52945770758288e-23, -3.363537050964107e-28, 9.534853919632234e-7,
      0, 1.451149939435475e-27, -1.728345973304556e-16, 0, 0, 0,
      0.0003194845334090402
    ]
  }
}
